<?xml version="1.0" encoding="UTF-8"?>
<metadata xml:lang="en"><Esri><CreaDate>20141004</CreaDate><CreaTime>14020600</CreaTime><ArcGISFormat>1.0</ArcGISFormat><SyncOnce>TRUE</SyncOnce><DataProperties><itemProps><itemLocation><linkage Sync="TRUE">file://\\AA\ORD\NAR\Data\Public\Watson_Geospatial\RISMA-trend\Passeonkquis\2011</linkage><protocol Sync="TRUE">Local Area Network</protocol></itemLocation></itemProps><copyHistory><copy source="L:\Public\Watson_Geospatial\RISMA-trend\Bissel\2011" dest="\\AA\ORD\NAR\Data\Public\Watson_Geospatial\RISMA-trend\Passeonkquis\2011" date="20141004" time="14020600"></copy></copyHistory></DataProperties></Esri></metadata>
