<?xml version="1.0" encoding="UTF-8"?>
<metadata xml:lang="en"><Esri><CreaDate>20141004</CreaDate><CreaTime>13150700</CreaTime><ArcGISFormat>1.0</ArcGISFormat><SyncOnce>TRUE</SyncOnce><DataProperties><itemProps><itemLocation><linkage Sync="TRUE">file://\\AA\ORD\NAR\Data\Public\Watson_Geospatial\RISMA-trend\Bissel\1972Copy</linkage><protocol Sync="TRUE">Local Area Network</protocol></itemLocation></itemProps><copyHistory><copy source="L:\Public\Watson_Geospatial\RISMA-trend\Bissel\1972" dest="\\AA\ORD\NAR\Data\Public\Watson_Geospatial\RISMA-trend\Bissel\1972Copy" date="20141004" time="13150700"></copy></copyHistory></DataProperties></Esri></metadata>
