<?xml version="1.0" encoding="UTF-8"?><metadata><idinfo><citation><citeinfo><origin>Department of Commerce (DOC), National Oceanic and Atmospheric Administration (NOAA), National Ocean Service (NOS),Office for Coastal Management (OCM)</origin><pubdate>20170317</pubdate><title>Salt Marsh Habitats; saltmarsh12</title><geoform>vector digital data</geoform><pubinfo><pubplace>Charleston, SC</pubplace><publish>NOAA's Ocean Service, Office for Coastal Management (OCM)</publish></pubinfo><othercit>Suggested bibliographic reference: RIGIS, 2017. Salt Marsh Habitats; saltmarsh12. Rhode Island Geographic Information System (RIGIS) Data Distribution System, URL: http://www.rigis.org, Environmental Data Center, University of Rhode Island, Kingston, Rhode Island (last date accessed: 20 June 2017).</othercit><onlink>https://coast.noaa.gov/dataviewer/#/landcover/search/where:ID=6247</onlink><onlink>https://coast.noaa.gov/digitalcoast/dataregistry/#</onlink><onlink>https://coast.noaa.gov/ccapftp/</onlink><onlink>http://www.rigis.org</onlink><lworkcit><citeinfo><origin>Rhode Island Geographic Information System (RIGIS)</origin><pubdate>1993</pubdate><title>Rhode Island Geographic Information System (RIGIS) Data Distribution System</title><onlink>http://www.rigis.org</onlink></citeinfo></lworkcit></citeinfo></citation><descript><abstract>This data set consists of salt marsh habitats for the state of Rhode Island derived from high resolution (0.5m) imagery collecting during June 2012. This data set utilized 4 Band multispectral aerial orthoimagery contributed to RIGIS by the Rhode Island Eelgrass Mapping Taskforce [(c) 2012 RIGIS] and LiDAR data collected through the LiDAR for the NorthEast project (2011).</abstract><purpose>To gauge the health and resilience of Rhode Island's coastal salt marshes and provide baseline data for detecting change over time.</purpose></descript><timeperd><timeinfo><sngdate><caldate>201206</caldate></sngdate></timeinfo><current>ground condition</current></timeperd><status><progress>Complete</progress><update>Unknown</update></status><spdom><bounding><westbc>-71.892664</westbc><eastbc>-71.165500</eastbc><northbc>41.688579</northbc><southbc>41.173108</southbc></bounding></spdom><keywords><theme><themekt>ISO 19115 Topic Category</themekt><themekey>imageryBaseMapsEarthCover</themekey><themekey>biota</themekey></theme><theme><themekt>None</themekt><themekey>Remotely Sensed Imagery/Photos</themekey><themekey>Salt Marsh</themekey><themekey>Wetlands</themekey></theme><place><placekt>None</placekt><placekey>Rhode Island</placekey><placekey>New England</placekey><placekey>Northeast</placekey><placekey>United States</placekey></place></keywords><accconst>None</accconst><useconst>Data set is not for use in litigation. While efforts have been made to ensure that these data are accurate and reliable within the state of the art, NOAA, cannot assume liability for any damages, or misrepresentations, caused by any inaccuracies in the data, or as a result of the data to be used on a particular system. NOAA makes no warranty, expressed or implied, nor does the fact of distribution constitute such a warranty.
This dataset is provided 'as is.’  The producer(s) of this dataset, contributors to this dataset, the Rhode Island Geographic Information System (RIGIS) consortium, the State of Rhode Island, and the University of Rhode Island do not make any warranties of any kind for this dataset, and are not liable for any loss or damage however and whenever caused by any use of this dataset.  Please acknowledge both RIGIS and the primary producer(s) of this dataset in any derived products.  Versions of the RIGIS logo suitable for both printed and web-based products are available at http://www.rigis.org/logos.</useconst><ptcontac><cntinfo><cntorgp><cntorg>NOAA Office for Coastal Management</cntorg></cntorgp><cntaddr><addrtype>mailing and physical</addrtype><address>2234 S Hobson Ave.</address><city>Charleston</city><state>SC</state><postal>29405</postal><country>USA</country></cntaddr><cntvoice>843-740-1202</cntvoice><cntemail>coastal.info@noaa.gov</cntemail><hours>8:00 am to 5:00 pm EST.</hours></cntinfo></ptcontac><native>Microsoft Windows 7 Version 6.1 (Build 7601) Service Pack 1; ESRI ArcGIS 10.1 SP 1</native></idinfo><dataqual><attracc><attraccr>According to accuracy assessment performed by the Narragasett Bay NERR , the overall accuracy for the classification is 82.7% and 0.804 Kappa.
Each class accuracy is as follows: (Errors of Omission/Commission)                                                                                0 Background (N/A)
1 Unclassified (Cloud, Shadow, etc)(N/A)
2 Invasive Phragmites australis (100%/96%)
3 High Marsh; S.patens-D.spicata (80%/82%)
4 Mudflat/bare (100%/93%)
5 Open Water (95%/95%)
6 Dieoff Depression (78%/93%)
7 Natural Pool (91%/87%)
8 Salt Shrub (80%/100%)
9 High Marsh; S.alterniflora (85%/62%)
10 High Marsh; Mix (31%/56%)
11 Low Marsh (67%/100%)
12 Brackish Marsh, Native (0%/0%)
13 High Marsh; J.gerardii (75%/100%)
14 Wrack (100%/100%)
Given that development of this dataset was initiated several years after the collection of the imagery, some compromises were made in the assessment of it's accuracy. In an effort to evaluate the map using field data collected as close to the acquisition date of the imagery as possible, a subset of transects from the Rhode Island Salt Marsh Assessment (RISMA) were utilized. This restricted the ability to follow certain best practices associated with the accuracy assessment of maps derived from remotely sensed imagery. As such, we were unable to employ a stratified random sampling strategy or use an adequate number of samples for all of the categories included in the map. 237 accuracy assessment points were used but none of the classes have a minimum of 50 accuracy assessment points. While the accuracy assessment conducted does help inform us about the map's errors, there are shortcomings as an overall representation.  It is hoped that a more complete field effort can be performed as part of a future update to this data.</attraccr></attracc><logic>Tests for logical consistency indicate that all row and column positions in the selected latitude/longitude window contain data. Conversion and integration with vector files indicates that all positions are consistent with earth coordinates covering the same area. Attribute files are logically consistent.</logic><complete>*</complete><posacc><horizpa><horizpar>&lt; 2 meters CE95</horizpar></horizpa><vertacc><vertaccr>There was no terrain correction in the geo-referencing procedure.</vertaccr></vertacc></posacc><lineage><srcinfo><srccite><citeinfo><origin>NOAA OCM</origin><pubdate>20170317</pubdate><title>Salt Marsh Habitat, Rhode Island, 2012</title><geoform>remote-sensing image</geoform><pubinfo><pubplace>Charleston SC</pubplace><publish>NOAA's Ocean Service, Office for Coastal Management (OCM)</publish></pubinfo><onlink>https://coast.noaa.gov/digitalcoast</onlink></citeinfo></srccite><typesrc></typesrc><srctime><timeinfo><sngdate><caldate>20150730</caldate></sngdate></timeinfo><srccurr>2012</srccurr></srctime><srccontr></srccontr></srcinfo><procstep><procdesc>This data set was created by NOAA Office of Coastal Management (NOAA OCM). This version of the classification was created by the Narragansett Bay National Estuarine Research Reserve (NBNERR) and partner agencies to include multiple vegetation communities that individually and collectively indicate aspects of marsh health. This section outlines the classification procedure for the Rhode Island Salt Marsh Habitats maps. This product was developed through a partnership between NBNERR and the NOAA OCM. The product was derived from high resolution 4 band digital imagery in combination with derivatives from LiDAR data. The mapping methodology employed an Object Based Image Analysis (image segmentation) approach.  Data Preparation: The aerial imagery was supplied to NOAA OCM by NBNERR. Orthoimagery from the spring of 2012 was pre-processed into spectral indices and band derivatives. LiDAR data collected through the LiDAR for the NorthEast project (2011) were processed into elevation and surface models. Field Data Collection: Field samples were collected prior to (August 2014) and during (June 2015) the mapping effort.  Salt Marsh Extent Classification: Image segmentation was performed in Trimble's eCognition Developer software package. The resulting image objects or segments were classified using modeling routines which leveraged existing wetland datasets acquired from RIGIS. Boundaries were refined using spectral and elevation information. The final extent was used to focus the supervised habitat classification process. Salt Marsh Habitat Classification:  A new set of image objects were derived within the salt marsh extent boundary. The resulting image objects classified into habitat classes using a Random Forest classifier. Logical rule sets and contextual modeling were used to introduce classes such as Dieoff Depressions and Natural Pools and to improve, and refine the habitat classification. Anomalies in the classification that were not addressed through the automated processes were corrected through manual editing. Review and Map Finalization: Once various stages of the salt marsh extent and habitat classification processing were completed, the resulting maps were provided to the Narragansett Bay NERR and other local experts for comments. The majority of the resulting feedback was incorporated to improve the final habitat dataset.
Attributes for this product are as follows:
0	Background
1	Unclassified
2	Invasive Phragmites australis
3	High Marsh; S.patens-D.spicata
4	Mudflat /Bare
5	Open Water
6	Dieoff Depression
7	Natural Pool
8	Salt Shrub
9	High Marsh; S.alterniflora
10	High Marsh; Mix
11	Low Marsh
12	Brackish Marsh, Native
13	High Marsh; J.gerardii
14	Wrack</procdesc><procdate>20170317</procdate><proccont><cntinfo><cntorgp><cntorg>NOAA Office for Coastal Management Coastal Change Analysis Program (C-CAP)</cntorg></cntorgp><cntaddr><addrtype>mailing and physical</addrtype><address>2234 S. Hobson Ave.</address><city>Charleston</city><state>SC</state><postal>29405</postal><country>USA</country></cntaddr><cntvoice>843-740-1202</cntvoice><cntemail>coastal.info@noaa.gov</cntemail><hours>8:00 am to 5:00 p.m. EST. M-F</hours></cntinfo></proccont></procstep><procstep><procdesc>Data contributed to RIGIS by Narragansett Bay National Estuarine Research Reserve.  Metadata were reviewed, minor updates made to its content, RIGIS distribution information added.</procdesc><procdate>20170622</procdate><proccont><cntinfo><cntorgp><cntorg>University of Rhode Island Environmental Data Center</cntorg><cntper>Greg Bonynge</cntper></cntorgp><cntaddr><addrtype>mailing and physical</addrtype><address>1 Greenhouse Road</address><city>Kingston</city><state>RI</state><postal>02881</postal></cntaddr><cntvoice>401-874-2180</cntvoice><cntemail>greg@edc.uri.edu</cntemail><cntinst>email preferred</cntinst></cntinfo></proccont></procstep></lineage></dataqual><spdoinfo><direct>Raster</direct><rastinfo><rasttype>Pixel</rasttype><rowcount>*</rowcount><colcount>*</colcount><vrtcount>1</vrtcount></rastinfo></spdoinfo><spref><horizsys><planar><gridsys><gridsysn>State Plane Coordinate System 1983</gridsysn><spcs><spcszone>3800</spcszone><transmer><sfctrmer>0.99999375</sfctrmer><longcm>-71.50000000</longcm><latprjo>41.08333333</latprjo><feast>328083.33333333</feast><fnorth>0</fnorth></transmer></spcs></gridsys><planci><plance>coordinate pair</plance><coordrep><absres>1.64042</absres><ordres>1.64042</ordres></coordrep><plandu>feet</plandu></planci></planar><geodetic><horizdn>D_North_American_1983</horizdn><ellips>GRS_1980</ellips><semiaxis>6378137.000000</semiaxis><denflat>298.257</denflat></geodetic></horizsys></spref><eainfo><detailed><enttyp><enttypl>saltmarsh12</enttypl><enttypd>Rhode Island collected 2012</enttypd><enttypds>unknown</enttypds></enttyp><attr><attrlabl>Value</attrlabl><attrdef>Salt Marsh Habitat Type</attrdef><attrdefs>*</attrdefs><attrdomv><edom><edomv>1 Unclassified</edomv><edomvd>This class contains no data due to cloud conditions or data voids.</edomvd><edomvds>N/A</edomvds></edom></attrdomv><attrdomv><edom><edomv>2 Invasive Phragmites australis</edomv><edomvd>Areas where the invasive plant Phragmites australis is dominant.</edomvd><edomvds></edomvds></edom></attrdomv><attrdomv><edom><edomv>3 High Marsh; S.patens-D.spicata</edomv><edomvd>Any area where Spartina patens and Distichlis spicata are either sole or co-dominants.</edomvd><edomvds></edomvds></edom></attrdomv><attrdomv><edom><edomv>4 Mudflat/Bare</edomv><edomvd>Natural mud flat exposed at low tide, can have some sparse S. alterniflora.</edomvd><edomvds></edomvds></edom></attrdomv><attrdomv><edom><edomv>5 Open Water</edomv><edomvd>Larger areas of water: bays, rivers, ponds.</edomvd><edomvds></edomvds></edom></attrdomv><attrdomv><edom><edomv>6 Dieoff Depression</edomv><edomvd>Other unvegetated/recent die-off area (note:  some die-off areas still might contain some very sparse, stunted S. alterniflora that is clearly dying). Shallow, wet at low tide, may have algal mat, filamentous algae or flocculent matter present.</edomvd><edomvds></edomvds></edom></attrdomv><attrdomv><edom><edomv>7 Natural Pool</edomv><edomvd>Deeper than pannes, no vegetation, steep sides. Includes natural and degraded areas.</edomvd><edomvds></edomvds></edom></attrdomv><attrdomv><edom><edomv>8 Salt Shrub</edomv><edomvd>Infrequently flooded; Could include areas of higher elevation on marsh platform (commonly islands or linear patches next to excavated ditches); Most common: Iva frutescens, Solidago sempirvirens.</edomvd><edomvds></edomvds></edom></attrdomv><attrdomv><edom><edomv>9 High Marsh; S.alterniflora</edomv><edomvd>Areas of short form S. alterniflora as a monoculture, although some Salicornia sp. may be present.</edomvd><edomvds></edomvds></edom></attrdomv><attrdomv><edom><edomv>10 High Marsh; Mix</edomv><edomvd>Any area where the dominant species include any combination of S. alterniflora, Spartina patens, and D. spicata.</edomvd><edomvds></edomvds></edom></attrdomv><attrdomv><edom><edomv>11 Low Marsh</edomv><edomvd>Regularly flooded, dominated by tall form (75 cm+) S. alterniflora usually found along creek or ditch edges.  Other species may be present in this zone but S. alterniflora is the only dominant.</edomvd><edomvds></edomvds></edom></attrdomv><attrdomv><edom><edomv>12 Brackish Marsh, Native</edomv><edomvd>Any area of marsh near the upland border where brackish species (e.g., Scirpus sp., Typha angustifolia) are common or dominant.</edomvd><edomvds></edomvds></edom></attrdomv><attrdomv><edom><edomv>13 High Marsh; J.gerardii</edomv><edomvd>Any area where J. gerardii is either the lone dominant or is co-dominant with D. spicata or S. patens.</edomvd><edomvds></edomvds></edom></attrdomv><attrdomv><edom><edomv>14 Wrack</edomv><edomvd>Any area of marsh that is covered by dead wrack (generally composed of S. alterniflora stems).</edomvd><edomvds></edomvds></edom></attrdomv></attr></detailed></eainfo><distinfo><distrib><cntinfo><cntorgp><cntorg>University of Rhode Island Environmental Data Center</cntorg><cntper>Greg Bonynge</cntper></cntorgp><cntaddr><addrtype>mailing and physical</addrtype><address>1 Greenhouse Road</address><city>Kingston</city><state>RI</state><postal>02881</postal></cntaddr><cntvoice>401-874-2180</cntvoice><cntemail>greg@edc.uri.edu</cntemail><cntinst>email preferred</cntinst></cntinfo></distrib><distliab>This dataset is provided 'as is.'  The producer(s) of this dataset, contributors to this dataset, the Rhode Island Geographic Information System (RIGIS) consortium, the State of Rhode Island, and the University of Rhode Island do not make any warranties of any kind for this dataset, and are not liable for any loss or damage however and whenever caused by any use of this dataset.</distliab><stdorder><digform><digtinfo><formname>Esri shapefile</formname><filedec>ZIP</filedec></digtinfo><digtopt><onlinopt><computer><networka><networkr>http://www.rigis.org</networkr></networka></computer></onlinopt></digtopt></digform><fees>No fee for downloading directly from the RIGIS Data Distribution System located at http://www.rigis.org.</fees></stdorder></distinfo><metainfo><metd>20170317</metd><metrd>20170630</metrd><metc><cntinfo><cntorgp><cntorg>NOAA Office for Coastal Management</cntorg></cntorgp><cntaddr><addrtype>mailing and physical</addrtype><address>2234 S Hobson Ave.</address><city>Charleston</city><state>SC</state><postal>29405</postal><country>USA</country></cntaddr><cntvoice>843-740-1202</cntvoice><cntemail>coastal.info@noaa.gov</cntemail><hours>8:00 am to 5:00 pm EST.</hours></cntinfo></metc><metstdn>FGDC Content Standards for Digital Geospatial Metadata</metstdn><metstdv>FGDC-STD-001-1998</metstdv><mettc>local time</mettc><metextns><onlink>http://www.esri.com/metadata/esriprof80.html</onlink><metprof>ESRI Metadata Profile</metprof></metextns></metainfo></metadata>